ticker_b3,n_previsoes,gamma_medio,gamma_pval_medio,pct_signif_5pct,gamma_m3_medio,gamma_m3_pval_medio,pct_signif_5pct_m3,persistencia_m1,persistencia_m2,persistencia_m3
AALR3,95,0.2280544412221146,0.9052631338435375,9.473684210526317,0.9303812574371416,0.9170551134912884,7.368421052631578,0.9798861593583612,1.0360171120851471,1.0302220191548066
ABCB4,95,0.01070517518284587,0.9484415771710094,4.2105263157894735,1.0520393538915588e-8,0.9999999505671365,0,0.9901848108588971,0.9902012455728336,0.9901836041343226
ABEV3,95,0.12033176798557797,0.8007521469966379,18.947368421052634,1.4102680517943291,0.817873581944244,15.789473684210526,0.9348696767533241,0.9264710118038395,0.8654038685529224
AERI3,95,0.8963079130538061,0.6862132041878953,30.526315789473685,10.891600993347861,0.8105265107364503,18.947368421052634,0.9593787346063625,0.9339651707528993,0.9441963155938391
AFLT3,95,9.429059230102504e-9,0.9999998904022908,0,1.050226324414933e-8,0.9999999706571044,0,0.9736285442212941,0.9875091983849659,0.9861953878086468
AGRO3,95,0.03392159818694345,0.9072740595236183,9.473684210526317,0.06699126653597798,0.9689296112485993,3.1578947368421053,0.9929300343181264,0.9938928583581292,0.9925874876700753
AHEB3,95,9.890320676094865e-9,0.9999998531078664,0,9.947557407398876e-9,0.9999999317058275,0,0.7581425546393609,0.9673717406444119,0.9665594035890704
ALOS3,95,2.1242457137727914e-8,0.9999997634067661,0,7.90979029703137e-9,0.9999999865009529,0,0.9880440120523213,0.9885355134132976,0.9885360439493979
ALPA3,95,1.1122374380181026e-8,0.9999999963070096,0,1.0646490828209166e-8,0.9999999799272872,0,0.9885927976427895,0.9853329257962419,0.9853329861018927
ALPA4,95,1.2536847738035542e-8,0.9999999901155637,0,1.0849369193052069e-8,0.9999999958353823,0,0.986043824575348,0.9860428855066928,0.9860463972000376
ALPK3,95,0.7755886442808453,0.484493141157588,51.578947368421055,6.037854207140539,0.55789511288274,44.21052631578947,0.9595492951384709,0.8469706202894932,0.7931138292778659
ALUP11,95,0.004788104703424908,0.9500124736110581,2.1052631578947367,0.05866510009811789,0.9810454420534516,1.0526315789473684,0.9906379935260607,0.991651836184211,0.9812682807365057
ALUP3,95,0.06969424920189612,0.03270599970418137,95.78947368421052,0.43110162011844577,0.5579645418952905,44.21052631578947,0.5730095853938216,0.46823728570317547,0.4578308761690163
ALUP4,95,0.017877303362131197,0.8761638157030444,11.578947368421053,0.018248109288795687,0.9488428874978516,0,0.989763909272862,0.9760912244971712,0.9736766117371137
AMAR3,95,0.05858067604049771,0.9894736449204209,1.0526315789473684,0.9367475868436226,0.9894736895732354,1.0526315789473684,0.9883355674765203,0.9894490769632815,0.9808940646857179
AMBP3,95,1.037576412939428,0.8842111027692411,11.578947368421053,4.963837971700677,0.905374816342552,9.473684210526317,0.9530535326300417,1.0049806612382348,0.9681879886219444
AMER3,95,37.4291085353185,0.27368417011527324,72.63157894736842,24.69312478328167,0.7477948779958247,25.263157894736842,0.9989999895837599,0.895534337157768,1.2048818791297227
ANIM3,95,0.8869759121594294,0.5264121805064584,47.368421052631575,8.43050215457493,0.6221550052074982,26.31578947368421,0.6691792909829127,0.7369238780599432,0.657606811706174
ASAI3,95,0.23068561546892735,0.7790921210151848,22.105263157894736,0.8436579392838713,0.945848320325251,5.263157894736842,0.9357139197297131,0.9628530902006365,0.9496896296018157
AVLL3,95,0.6057846601930432,0.8421052901676359,15.789473684210526,8.442144429051376e-9,0.9999999992646617,0,0.9592739088014887,0.9500940183578288,0.9592733505459016
AXIA3,95,1.197609311674633e-8,0.9999996248207786,0,1.0250252561964467e-8,0.9999999680591626,0,0.97010778114232,0.9702735003799888,0.9702680588263437
AXIA5,95,4.492819199686074e-9,0.9999999451966857,0,0.8361551270407146,0.8430641784193776,15.730337078651685,0.9341509785295006,0.9324920347271072,0.9401813601611315
AXIA6,95,1.0057535099125896e-8,0.9999999075773478,0,9.969696666588792e-9,0.9999999871633194,0,0.9839040274694036,0.9833551618500443,0.9833551087430352
AZEV3,95,3.805603855748455,0.04219428830229105,95.78947368421052,52.247585090908935,0.2704558062290735,69.47368421052632,0.8240041004780483,0.6841080753293378,0.6809063739842498
AZEV4,95,6.205563790607867,0.010549558951175486,98.94736842105263,18.971232606603696,0.3293871648111784,57.89473684210527,0.8964970916089874,0.8157371324436347,0.8523890608347161
AZZA3,95,0.7170805212889851,0.6172898434538645,37.89473684210527,0.282338393436183,0.989473932058601,1.0526315789473684,0.9553863261257378,0.9644907100423489,0.9528657969156488
B3SA3,95,0.2543737430414194,0.9157894529290396,8.421052631578947,1.034535467944197e-8,0.9999999988648478,0,0.9647146216465721,0.9559047660949264,0.9649723279980909
BALM4,95,1.872783076905512e-8,0.9999998120142589,0,1.0094751887741386e-8,0.9999999812351636,0,0.9953427220908279,0.9952954194925,0.9953077690622274
BAZA3,95,0.03005961254884923,0.7747981479183644,15.789473684210526,0.03423334568962185,0.9107591996772364,0,0.9471173157943074,0.9650161294535894,0.9587082187003679
BBAS3,95,0.1406454928591976,0.7285345937102171,26.31578947368421,1.0451478996962805e-8,0.9999999974493842,0,0.9748711858702905,0.9775003610913726,0.9748719323302809
BBDC3,95,0.04860230395744209,0.8947340761781483,10.526315789473683,1.9563303720637246,0.905263109596836,9.473684210526317,0.981063524570105,0.9371092107083033,0.9002478343606882
BBDC4,95,0.10688546083676193,0.8947332300052061,10.526315789473683,0.8689334932081276,0.968420936907886,3.1578947368421053,0.9899198654044498,0.9696259776460889,0.9597576720114097
BBSE3,95,0.05091111761128816,0.8420873755975233,15.789473684210526,8.6126796155987e-9,0.999999990623933,0,0.9824543645228438,0.9656016467460388,0.9822837561237926
BDLL4,95,1.0093012454554306e-8,0.9999999778467138,0,9.905076532386986e-9,0.9999999975944327,0,0.991630652703358,0.9930886803854065,0.9931186402894749
BEEF3,95,0.04264612531936157,0.9789469304954681,2.1052631578947367,1.0091721236404177e-8,0.9999999434344733,0,0.9970132416774143,0.9935485672565016,0.9975510920697135
BEES3,95,0.0012175915592379394,0.9666429560589639,0,0.24833022814971462,0.5431740782635308,21.052631578947366,0.6943580824858654,0.6946573281771973,0.6863198893902461
BEES4,95,0.023652753110141242,0.584942201685962,31.57894736842105,0.05957392398583456,0.8286852742858483,0,0.8166024230127444,0.7074655513041732,0.8223901490354083
BGIP3,95,0.001356640521109261,0.9894734873895159,1.0526315789473684,1.0538237809629257e-8,0.9999999820984213,0,0.9323998413024099,0.9935699067384905,0.9995134393796445
BGIP4,95,0.09535093308490859,0.9486370873094226,4.2105263157894735,0.7078286907939216,0.97302650729429,0,0.973740199254306,0.9862103913725233,0.9738623165373788
BHIA3,95,1.0795310924518803e-8,0.9999999831569047,0,1.0001414780607615e-8,0.9999999979829257,0,0.9893161557764992,0.9974902425321454,0.9974317503857616
BIOM3,95,1.2182623185137103e-8,0.9999999771657841,0,0.2255868993754847,0.9894736811774184,1.0526315789473684,0.9942900184585266,0.9987974027390197,0.998290213620505
BMEB3,95,0.00573222273356323,0.9882786509727708,1.1764705882352942,0.020150717821955842,0.9962384216147452,0,0.9831323017158569,0.9767097916619334,0.9769097700704621
BMEB4,95,0.5611411255833118,0.4947367891322807,50.526315789473685,0.40814322490791566,0.7790960173137659,22.105263157894736,0.9929450268080141,1.0121978011732962,1.0304643095043888
BMGB4,95,0.19519609885653094,0.8421052164250425,15.789473684210526,3.724638654594026,0.8421136284049868,15.789473684210526,0.9766566927147975,0.9881285269743049,0.9522807452945246
BMIN4,95,0.19292841804167465,0.915808191979306,8.421052631578947,0.6106396136805772,0.9632139430901949,0,0.947544865350984,0.987777005974403,0.9719271731880732
BMKS3,95,0.005094861436592105,0.9943079487990005,0,1.4000931064055855,0.5813416394961267,23.157894736842106,0.9052353401200962,0.8999462792155778,0.9513677176903889
BMOB3,95,0.004370777367758604,0.9894805510164937,1.0526315789473684,1.2460338518442638e-8,0.999999332309094,0,0.9854553641639944,0.9860499991811748,0.9822010192696821
BNBR3,95,0.0624068930902377,0.9015943439767291,7.368421052631578,0.17464345812846208,0.9741554765800201,1.0526315789473684,0.9774398582189651,0.9771799963166096,0.9730657344838448
BOBR4,95,0.006684805334344486,0.9894735715584413,1.0526315789473684,0.010279154020287236,0.989473664711089,1.0526315789473684,0.9953361695601255,0.9938451926513577,0.9955886475641385
BPAC11,95,0.4562160938496931,0.24879585561863632,72.63157894736842,2.994239098442273,0.8318970248100794,16.842105263157894,0.9019353294152499,0.8816455310396485,0.7783860000369854
BPAC3,95,0.007245553621015229,0.9924708518034986,0,8.80029896354905e-9,0.9999995683468564,0,0.9937051569684665,0.9939938460128742,0.9941555492566596
BPAC5,95,0.012116228514075882,0.9487192587919565,4.2105263157894735,4.182267590287502e-9,0.9999999512410336,0,0.8887148453131126,0.887024866179478,0.8886355167774924
BRAP3,95,0.0071933049802203,0.9580191274313583,4.2105263157894735,1.1723535756455254e-8,0.9999990371407584,0,0.9944836293213067,0.99144641322006,0.994483518966241
BRAP4,95,0.03303880638231749,0.9481108940166968,4.2105263157894735,9.14900019087451e-9,0.9999999402265245,0,0.9940520277820467,0.9779623055344491,0.9940816778709007
BRAV3,95,0.7063844599349737,0.5934865885985081,37.9746835443038,15.547437193212298,0.7467830192657388,21.518987341772153,0.8185775882116,0.7929791476035332,0.7428238033998587
BRKM3,95,1.381771759150608e-8,0.9999999363389035,0,9.972414125214026e-9,0.9999981036028024,0,0.9926207030525198,0.9927509134612179,0.992730918053062
BRKM5,95,1.4470642582840179e-8,0.999999940258596,0,1.0108534137659058e-8,0.9999999975513979,0,0.9733839876659837,0.9714977169118174,0.9739098603807624
BRKM6,95,6.561072952498252e-9,0.9999999324970545,0,0.7194871776456299,0.9630406577090843,0,0.9763586466004632,0.8783878907690884,0.8798253281109667
BRSR3,95,0.011772769113550253,0.9371623685737294,6.315789473684211,8.723209079852546e-9,0.9999981946584425,0,0.9882046398164537,0.9839178150882979,0.9903434385271117
BRSR5,95,0.40111434770345294,0.4413206127421108,54.761904761904766,0.7655833065508116,0.9475882714956287,0,0.6020855616563028,0.5402794703066186,0.5792791927481403
BRSR6,95,0.11172102173289086,0.7680268875527279,23.157894736842106,0.11134812323501067,0.9894802953527797,1.0526315789473684,0.9560064225405114,0.9606053250211202,0.948146671681505
BSLI3,95,1.1197435865863915e-8,0.9999997969225017,0,1.003606089387836e-8,0.9999999876835927,0,0.9952712580384396,0.9961592120547106,0.9961601604677238
CAMB3,95,1.3920698770300951e-8,0.9999998983472922,0,1.0308929617447756e-8,0.9999999809162328,0,0.9875850951780356,0.9877338319105728,0.9877331051933568
CAML3,95,0.05108690290650799,0.9368408747707799,6.315789473684211,0.314579067086802,0.9789472353575589,2.1052631578947367,0.9848250583141955,0.971668306064331,0.9610494226738017
CASH3,95,1.071880339177225e-8,0.9999999859524473,0,1.007354203239951e-8,0.9999999984617959,0,0.9950524215379792,0.9962204263879195,0.9962100648039482
CBEE3,95,1.0008912227881455e-8,0.9999999945511403,0,9.986885594179504e-9,0.9999999955148714,0,0.9546004230209338,0.9954034773479264,0.9955819661772445
CEAB3,95,0.5549387614424149,0.8855543849435031,10.526315789473683,1.3693809165636892,0.9685026395934301,3.1578947368421053,0.9861087259319817,0.976465550220009,0.9767217974631067
CEBR3,95,1.3205474313899455e-8,0.9999991932096233,0,1.0441127695806257e-8,0.9999991136477464,0,0.9926210832680975,0.9925314689952762,0.9925596207251841
CEBR5,95,7.495677524944769e-9,0.9999991007591247,0,8.016888865988524e-9,0.9999998076029342,0,0.951112217385233,0.9515210330975198,0.951572222995734
CEBR6,95,0.07037998566923798,0.8210813318645978,17.894736842105264,0.023967929526825773,0.9799648780308785,1.0526315789473684,0.9913644431812151,0.9930899292988495,0.9913550816470001
CEDO3,95,9.362804937187079e-9,0.9999999970785473,0,9.376592267207878e-9,0.9999999995574256,0,0.9898539932939685,0.9976292226674155,0.9976292288804258
CEDO4,95,3.318661492831243,0.0210526307505904,97.89473684210527,30.526310432187355,0.6980010261691232,30.526315789473685,0.9933741656257995,0.8085356672433264,0.9393263496018143
CEEB3,95,0.07799585480434014,0.6746348506789274,2.1052631578947367,0.42790807749417475,0.8091826010348779,0,0.9622264922709809,0.981749487808138,0.9593503636970633
CEEB5,95,0.0036281574947158225,0.9894736065615601,1.0526315789473684,0.9598706376958284,0.8655154393951966,11.578947368421053,0.9576226474125898,0.9727076811737465,0.9823697057948796
CGAS3,95,0.2591341943329763,0.706005413859455,29.47368421052631,6.349018676803329,0.8290632103971095,12.631578947368421,0.9216027537400915,0.8316720098289765,0.7371149757063201
CGAS5,95,0.2456030467173223,0.15003488486983316,84.21052631578947,0.05848556806056946,0.9053386192174844,5.263157894736842,0.9989999972816875,1.0693330315430944,1.3169958900890721
CGRA3,95,0.16967546007587456,0.5707377565003567,41.05263157894737,0.04934428178324725,0.9480969190283696,0,0.9343592079615984,0.9623126524187705,0.930347247229758
CGRA4,95,0.049039566630521336,0.8842177857363874,11.578947368421053,0.03461556803429842,0.9249126238365306,2.1052631578947367,0.9856162554186896,0.9799909242357113,0.9870763559563088
CLSC4,95,0.23185996366763345,0.2921913933277537,64.21052631578948,1.2547817704979078,0.43957668546827633,55.78947368421052,0.8481193151467191,0.8674858290108081,0.7576544819294252
CMIG3,95,1.8381868699182327e-8,0.9999933305510718,0,9.744001701703851e-9,0.9999990125809972,0,0.9952634956634759,0.9954033380777987,0.995403794838831
CMIG4,95,1.6345029330228296e-8,0.9999965277878019,0,9.971284563781948e-9,0.9999997131365485,0,0.9975613576692157,0.9981915864973065,0.9977990531940348
CMIN3,95,0.2836313226802968,0.782224712669698,20,4.709802496303468,0.8670875724033112,11.578947368421053,0.9789656733659566,0.9459505807949043,0.860632156427342
COCE5,95,0.011591935958386933,0.9502817012835448,1.0526315789473684,0.31353964482437924,0.9619606831136296,0,0.9648857821397967,0.9700125555997232,0.9536204560426089
COGN3,95,0.023597951030705822,0.9894735865519871,1.0526315789473684,0.5050619656135905,0.9894736787290334,1.0526315789473684,0.9869385820206827,0.9879570090969254,0.9814560182597913
CPFE3,95,0.031527505011230285,0.7897731603861385,14.736842105263156,1.1074635429641678e-8,0.9999999723348368,0,0.9843635578760893,0.9617567843170904,0.9845585651483825
CPLE3,95,0.27527320718102666,0.17136600281794734,82.10526315789474,7.087036549971111,0.21325887718453304,78.94736842105263,0.6912638022651781,0.6791929018491584,0.5641141596480748
CRPG5,95,0.2564468776871971,0.7157918774737807,28.421052631578945,0.07802142246340331,0.9685600130709777,3.1578947368421053,0.9867932593052375,1.084647425350141,1.0840856877238534
CRPG6,95,0.25076015172779326,0.6529743609397574,34.73684210526316,5.958317471870021e-9,0.9999999416283308,0,0.9950324635715695,1.0437413410519476,1.0704888220511015
CSAN3,95,0.11873864696380523,0.899308845688858,8.421052631578947,0.12338554939805778,0.9834507809453746,1.0526315789473684,0.9825968960248859,0.9850969947518465,0.9784628632498171
CSED3,95,1.3772870174172232e-8,0.9999978173377797,0,1.0578411287979118e-8,0.9999996930757002,0,0.9961760080972558,0.9959345371636291,0.9959763401506069
CSMG3,95,0.025293218597139844,0.9684197237876665,3.1578947368421053,0.5477922289483464,0.9789472446337179,2.1052631578947367,0.9794745429857685,0.9766953076092465,0.9703982083363564
CSNA3,95,0.9450941726750528,0.31579564184424286,68.42105263157895,10.682264972553671,0.6662088522261935,7.368421052631578,0.7854247479738958,0.6863784656020739,0.6325740119695245
CSUD3,95,0.03867083417481536,0.7894867316866523,21.052631578947366,1.7737419694083553e-8,0.9999972835246803,0,0.9947923751060956,0.996634882522403,0.995742707606364
CTKA4,95,1.5834336077461408e-9,0.9999999975545013,0,27.97913608325666,0.3962986113697943,34.73684210526316,0.8133717709917146,0.81335842098356,0.8833535055324402
CTSA3,95,1.05592361503394e-8,0.9999999630829617,0,9.997725644968292e-9,0.9999999634731366,0,0.9919837772742073,0.9753246193675736,0.9755402003147606
CTSA4,95,2.6990636239787507,0.210526306620208,78.94736842105263,11.429650275667719,0.2327976202504477,75.78947368421053,0.9734689687498377,0.7544519496680938,0.6331838081388709
CURY3,95,0.046881056653306157,0.8751415438148615,11.578947368421053,7.588012691015727e-9,0.9999993859166105,0,0.9901770101700847,0.9714219737468921,0.9876490061071633
CVCB3,95,1.4702733700551371,0.4105262893604873,58.94736842105262,39.04502119637756,0.5368421011357132,46.31578947368421,0.6611213958944177,0.8768101316050355,0.5907944782467806
CYRE3,95,0.013601640297791727,0.9894902044608931,1.0526315789473684,9.774041142158913e-9,0.9999999838284009,0,0.99377701671849,0.9913275638507644,0.993822847375091
DASA3,95,5.725911213936116,0.1267202732800382,84.21052631578947,1.6689563538239056,0.8500472631118116,11.578947368421053,0.8896502495227416,0.9311921659663602,0.889996180323146
DEXP3,95,0.07952767861522882,0.7749814042829085,16.842105263157894,0.1745420241753256,0.8900494535010086,0,0.9417430279016954,0.942612427752759,0.9394127679962829
DEXP4,95,9.971588856518835e-9,0.9999999705353976,0,1.0083959924647138e-8,0.9999999967390129,0,0.9754363665708591,0.9754380179772852,0.9754380744617457
DIRR3,95,1.0533485149353895e-8,0.9999982844997366,0,1.006855690025357e-8,0.9999998828989181,0,0.9966460130611675,0.99678951700837,0.9967895507949801
DMVF3,95,0.056134096095783965,0.9158100244597935,8.421052631578947,0.37176741678163977,0.9368425241153591,6.315789473684211,0.9746913652525081,0.9866694844732116,0.9397556083495339
DOHL3,95,9.496190970399104e-9,0.9999999902260657,0,9.987936501412541e-9,0.9999999984890241,0,0.9989990023531513,1.2893945383320604,1.2893942942875425
DOHL4,95,0.004815985676801848,0.8831181858744498,0,0.1195935416549817,0.9111775406891134,0,0.48391218578375716,0.4811347988484015,0.48076205688703744
DXCO3,95,0.20896570681827842,0.5740107425668681,41.05263157894737,0.3153396035507765,0.9369443194873095,6.315789473684211,0.9600758019288554,0.8907387598939588,0.9197853104136666
EALT3,95,1.0086625689777175e-8,0.9999994081328595,0,9.629281785286836e-9,0.9999996705380232,0,0.997407433575899,0.9975093471817159,0.9975093467263533
EALT4,95,0.11760528521172463,0.668049337392901,30.526315789473685,0.4892525063356161,0.7197117795555592,27.368421052631582,0.9401690432350878,0.9450814319412019,0.8710708963129605
ECOR3,95,0.038953262016690006,0.958479238642664,3.1578947368421053,0.4487964300040399,0.9684210398056476,3.1578947368421053,0.9771354275660057,0.9807294837580866,0.9582457400305162
EGIE3,95,7.804773123964418e-8,0.9999924487907987,0,9.944208179689713e-9,0.9999999307149723,0,0.9943233910881482,0.9948498260346424,0.99485919296206
EKTR3,95,0.043180485185199804,0.9842023794721584,0,0.26519578807426175,0.9910277903760342,0,0.9928069061877961,0.9949923839879408,0.9775589642549771
EKTR4,95,1.407476777865539e-8,0.999999805727027,0,1.0299803149518937e-8,0.9999999787204537,0,0.9920953006416857,0.9925369704218578,0.9925369419455451
EMAE4,95,0.7028439452347582,0.4526302195166079,54.736842105263165,1.4248090381850709,0.757952973542065,24.210526315789473,0.9847407530279311,1.0181908649838376,1.0438569950596226
ENEV3,95,0.11817411768853407,0.894736804729715,10.526315789473683,0.04964981370211024,0.989473748392827,1.0526315789473684,0.9784523140059649,0.965784799923908,0.9710425509534125
ENGI11,95,0.01442803007348387,0.9158993590693829,8.421052631578947,1.4131643827239739e-8,0.9999972605512464,0,0.997948609845621,0.9980117653666959,0.9979899800485996
ENGI3,95,1.4843721674367704e-8,0.9999975757147914,0,1.0566934258599331e-8,0.9999996755899796,0,0.9972359503124643,0.9979749082436302,0.9979755095426699
ENGI4,95,0.10468067985640667,0.5916481289232978,41.05263157894737,0.034415276936893675,0.9628349782895325,0,0.9867865576160149,0.9876513602679304,0.9867200760883298
ENJU3,95,1.3003118866801524e-8,0.999999668629132,0,1.0265839226019165e-8,0.9999996415742873,0,0.9957714961607896,0.9944268077490857,0.9960927204755419
ENMT3,95,4.50327481812788e-9,0.9999999909166961,0,4.191404764965721e-9,0.9999999990926723,0,0.9611319061512983,0.9294087478384,0.9294084912345684
EPAR3,95,0.6757854138429331,0.2951281895533496,70.52631578947368,2.30706923476141,0.4246922072539702,21.052631578947366,0.8842146256999484,0.8448369445500273,0.7425829440674299
EQMA3B,95,6.7625096935864195e-9,0.9999994965323935,0,7.4485290926959e-9,0.9999996692375677,0,0.9591706629217827,1.0020123993178542,1.0028968584695301
EQPA3,95,0.0014354313267379475,0.9919799925969206,0,8.216377845101782e-9,0.9999993495423185,0,0.9897533748436591,0.9886439399016134,0.989897398065892
EQTL3,95,1.6944585992700354e-8,0.9999947358892177,0,1.0079436648533187e-8,0.99999968749553,0,0.9964784708984062,0.996639404895022,0.9966338233154702
ESPA3,95,0.2309763311148876,0.9157895098804869,8.421052631578947,1.25519835482078e-8,0.999999997128531,0,0.9755265576989266,0.9636128942689793,0.9755299125983826
ESTR4,95,0.43156581289401985,0.8947367748868831,10.526315789473683,8.550201425347215e-9,0.9999999989409414,0,0.9964398995495772,1.0236633060767197,1.0191155559124978
ETER3,95,0.151122024528716,0.9052628289582944,9.473684210526317,0.23748205151143154,0.9684209530725867,3.1578947368421053,0.9845789378366795,0.9766955621501773,0.9841713650327739
EUCA3,95,0.5704282763799463,0.29095067544461145,28.421052631578945,24.118646273003414,0.24285823745156673,0,0.7975302333695788,0.8383645691937911,0.40645574840034904
EUCA4,95,0.3418043252309798,0.7368416706240721,26.31578947368421,0.3416778247507457,0.8736840430500996,12.631578947368421,0.9811919933698767,0.9681524068300121,0.959019679281479
EVEN3,95,0.029538359975253444,0.8877904779956995,0,0.21067697529622287,0.9528786623802237,1.0526315789473684,0.9746503977533376,0.9737570364009949,0.9718392445072027
EZTC3,95,1.4467301838702252e-8,0.9999996688145233,0,1.001656455957161e-8,0.9999999865793485,0,0.997531545278586,0.9975976519881955,0.9975942531992027
FESA3,95,0.01585472376583259,0.9513132774725763,0,7.190997630398669e-9,0.9999988628446594,0,0.9754371321873077,0.9781339444714401,0.9769565030337036
FESA4,95,0.07962398667562812,0.8006259168147853,20,1.176944790937542,0.8389842909186045,4.2105263157894735,0.9579164559106226,0.9424406859453051,0.9390901233607489
FHER3,95,1.056527084526315e-8,0.999999972183051,0,1.0229373277282166e-8,0.9999999780046468,0,0.9684116961085583,0.9960789946561144,0.9980705417011235
FIGE3,95,0.001186311404094306,0.6186722619111533,38.095238095238095,6.856022117053926e-9,0.9996236137368409,0,0.8369233871802426,1.002039125263616,0.9995844864872169
FLRY3,95,0.02283008157101928,0.9590599602740632,3.1578947368421053,9.52766792263541e-9,0.9999999936323399,0,0.9875677875954155,0.9881010873358714,0.9877584388646585
FRAS3,95,0.07764271893752184,0.6526287296627652,34.73684210526316,0.008097042177064705,0.9911152929753105,0,0.9844466411755283,0.9721743913249445,0.9836746782401822
GEPA3,95,0.04775398843318436,0.9260984301963333,1.0526315789473684,7.602317445253901e-9,0.9999999785248583,0,0.9525025854792794,0.948920916767817,0.9468069325428367
GEPA4,95,6.129653270744314e-9,0.9999998215572894,0,8.81240748700764e-9,0.999999834285425,0,0.9532736082467753,0.9575126205167483,0.9568815794589611
GFSA3,95,12.553966716139648,0.46315786321276614,53.68421052631579,44.9222555104475,0.49473682281723314,50.526315789473685,0.8445621638655627,0.9485701844628004,0.8940997570898085
GGBR3,95,0.004711354265381928,0.9792148619411599,2.1052631578947367,8.503926917559653e-9,0.9999992070787508,0,0.9966887152387803,0.9920190676828682,0.9967466564358428
GGBR4,95,1.767629747424232e-8,0.9999985757000706,0,9.860649115446126e-9,0.999999855994322,0,0.9921744274687831,0.9922572002874606,0.9921954598943414
GMAT3,95,0.0691971911557999,0.9578954572892436,4.2105263157894735,0.09302826400607973,0.9791546214566503,2.1052631578947367,0.9862693731578558,0.9871923213329945,0.9870103541988466
GOAU3,95,0.005057209751353759,0.9793496165898401,2.1052631578947367,9.738334261942752e-9,0.9999988593480145,0,0.9960942947274897,0.9938759540592115,0.9961738171698681
GOAU4,95,1.1709520007943334e-8,0.9999988618232578,0,9.809532265255107e-9,0.9999997739566725,0,0.9936780726013418,0.993794858650399,0.9937837827705147
GRND3,95,0.01406790781013369,0.9499148233736395,3.1578947368421053,1.0997483169073657e-8,0.9999999910214926,0,0.9856707298354188,0.9831452942854305,0.9857017190370417
GSHP3,95,0.012787899565925739,0.008561965065621235,100,0.029933205880910908,0.8741556914483446,0,0.7101469224882732,0.6342123756593107,0.632660526471454
HAGA3,95,0.5458338236777369,0.837154362343528,6.382978723404255,5.263135720989975,0.9157179946889208,0,0.9630843182555536,0.9659194229356748,0.931434123325743
HAGA4,95,1.0056400004559144e-8,0.9999999112309021,0,1.0233519564744915e-8,0.9999998227054261,0,0.9976566280635052,0.9976656302277935,0.9976655996406305
HAPV3,95,0.9608717610454354,0.8421058711264946,15.789473684210526,0.5907771209601239,0.9894736817921514,1.0526315789473684,0.9709813246141229,0.9272719383578326,0.9612772987173674
HBOR3,95,0.06478528002661585,0.9578947124390708,4.2105263157894735,9.635899494775779e-9,0.9999999986619995,0,0.9809027883825516,0.9503561375405704,0.9820387655234348
HBRE3,95,0.007677712390133186,0.9894758844577595,1.0526315789473684,1.0916521480400962e-8,0.9999990056933015,0,0.9979165523611085,0.9976098869968362,0.9971686477354432
HBSA3,95,0.02873738993915045,0.9684201260229902,3.1578947368421053,9.696984900872895e-9,0.9999990669663834,0,0.9964688557025223,0.9953866967014661,0.996237341405183
HBTS5,95,2.6745634641323494e-8,0.9999998633338867,0,1.0394840592308102e-8,0.999999933848245,0,0.9834398615205548,0.9832898946373073,0.9832917090947391
HETA4,95,0.17843991936094925,0.9553234348441194,4.49438202247191,2.2908869577468067,0.8818558045870725,0,0.920523966106225,0.9203881199619326,0.9214134287159184
HOOT4,95,34.199401440213755,0.528291614717359,46.31578947368421,2.302666529102665,0.81064382152771,18.947368421052634,0.9510562294174972,0.9271822075625977,0.7585512897960986
HYPE3,95,1.731817020607999e-8,0.9999998849983402,0,1.0680545097759724e-8,0.9999999904253285,0,0.9926140210845508,0.9939330603074965,0.9939304467605624
INEP3,95,0.2726408488772288,0.9170358127395863,7.368421052631578,0.9012240164895119,0.9266480248604482,7.368421052631578,0.9588904467979205,0.9363069617944547,0.9507267812543878
INEP4,95,0.2830311147582282,0.8933698656169141,10.526315789473683,0.3992495001535335,0.9263157731734456,7.368421052631578,0.9720056856248434,0.9737411961658163,0.9716570584015519
INTB3,95,0.07153899505061978,0.9578941658242452,4.2105263157894735,0.10945641349479925,0.989473635755212,1.0526315789473684,0.9908407700383614,0.9808342557080847,0.981316146416682
IRBR3,95,0.16995338120182463,0.9368420069961957,6.315789473684211,1.0466950166225224e-8,0.9999999895771172,0,0.9891430200515566,0.9902635976983999,0.9897174730146912
ISAE3,95,1.3618456849740647e-9,0.9999999519166747,0,0.09762098779392171,0.7329409393447031,7.368421052631578,0.8691994031066158,0.858006762023673,0.8775701647532697
ISAE4,95,3.6344857681412585e-9,0.9999980285811377,0,4.976235574698668e-9,0.9999967916806562,0,0.8633260434695995,0.8996188138813289,0.8995947275925464
ITSA3,95,7.532881704080059e-9,0.999998532265937,0,9.300434342099352e-9,0.9999998779045342,0,0.9814252630718979,0.9846235309748174,0.984621008129067
ITSA4,95,0.15134516793266128,0.2557874656059521,34.73684210526316,1.0705294005776649,0.8561658239000943,11.578947368421053,0.9051809724229575,0.7926793048436176,0.8228677804250984
ITUB3,95,0.07032274917648601,0.7817269430064501,20,0.008179542238609321,0.9895576829886047,1.0526315789473684,0.9737398756542299,0.9803212404526483,0.974221891980957
ITUB4,95,0.19661235015908102,0.47891314030256454,49.473684210526315,3.1359615716849784e-8,0.9999999319243653,0,0.9637205159653343,0.9741841099416337,0.9638143082071192
JALL3,95,0.03222961439754032,0.9265275345976934,7.368421052631578,0.06612000179077396,0.9894734702346969,1.0526315789473684,0.9707893246265296,0.9607911685178652,0.9645521993626262
JFEN3,95,6.077541589832406,0.09474633368304229,90.52631578947368,13.82144066921651,0.13788849639230982,86.31578947368422,0.7497749911453659,0.6734530933178553,0.6661639934937297
JHSF3,95,1.4894174333054895e-8,0.9999973652988542,0,9.795257611933065e-9,0.9999999196368817,0,0.9974085402941768,0.997409944152439,0.9974098347363728
JSLG3,95,0.06347630199077266,0.9170069091655525,7.368421052631578,0.003920737520799742,0.9942831816966147,0,0.9937068499457714,0.9829288759043225,0.9940052357945306
KEPL3,95,0.019399135898307253,0.9789468931661276,2.1052631578947367,9.970078291449794e-9,0.999999988788412,0,0.9936878239015509,0.9930000945491716,0.9935106579128159
KLBN11,95,0.005093727136997395,0.9791084275427978,2.1052631578947367,1.0343273956143815e-8,0.9999997739246269,0,0.9981015409506507,0.9976772523677321,0.9981266276058718
KLBN3,95,0.008374562960885856,0.9559042342525168,0,9.512069842085072e-9,0.999999963410868,0,0.9946394234895056,0.9939529555562729,0.9948616861793816
KLBN4,95,0.009939533658347283,0.9374630732488342,6.315789473684211,1.4068454806626446e-8,0.9999997801623057,0,0.9972528789012546,0.9970404019331075,0.997134555417665
LAVV3,95,0.23067864150031286,0.4171416790224927,56.84210526315789,0.6174740609848813,0.8156739757731489,11.578947368421053,0.7145908691846894,0.6711453299582973,0.636637512171478
LEVE3,95,0.010548167164610666,0.9894733315769729,1.0526315789473684,0.23498959414003517,0.9895381336712086,1.0526315789473684,0.9847991905034688,0.9858647175068876,0.9783361713791963
LIGT3,95,1.7901779448853856,0.6028235938384382,38.94736842105263,6.4871226185007576,0.7792232678268324,22.105263157894736,0.9120038423755775,0.9703741678260398,0.9091323117356552
LJQQ3,95,0.17016675285306604,0.9368455222641254,6.315789473684211,1.6767200909014015,0.9473699348910443,5.263157894736842,0.9762533364468796,0.9857321225834903,0.9804434414618094
LOGG3,95,0.1399512775439198,0.7988188176307778,15.789473684210526,0.28468986256275,0.9167405246568511,8.421052631578947,0.9360968500893964,0.9413061521687603,0.9361416288573351
LOGN3,95,0.5943259291243834,0.8526315091737068,14.736842105263156,0.8356405521015479,0.8548069126729317,14.736842105263156,0.9817630138331337,0.9751096506830443,0.9408338940256853
LPSB3,95,0.12585116218570566,0.9075126138800798,7.368421052631578,1.0282300108322047,0.844838691883695,15.789473684210526,0.8284286901934597,0.8693449837653588,0.8602791119442651
LREN3,95,1.5744424935147903e-8,0.9999962794230114,0,1.0079466162052463e-8,0.9999999101972983,0,0.9957061687302516,0.9958362335861476,0.9958364014731867
LUPA3,95,4.856329406903669,0.29546480973579736,69.47368421052632,7.742711857638228,0.48421119052131234,51.578947368421055,0.8722488208438619,0.9131775125578696,0.8382287716759083
LUXM4,95,0.007637203440184368,0.9902215587544028,0,0.6958805383770695,0.9743795395320531,0,0.9529354475575732,0.953439573112847,0.9518500526203991
LWSA3,95,0.8120364609601676,0.7578947282483555,24.210526315789473,7.715541660508349,0.8740100418729082,12.631578947368421,0.938721499090587,0.8610704752852568,0.8510986213668101
MBRF3,95,0.45912203548775354,0.8847538998152292,10.526315789473683,4.187786846597238,0.8793231343607553,9.473684210526317,0.9556896855380574,0.9429262758587428,0.9389727965335624
MDIA3,95,0.16245962284247384,0.9157914216619388,8.421052631578947,0.5533318438403233,0.9473683210605491,5.263157894736842,0.9853735413613502,0.97869066910652,0.9366772430190207
MDNE3,95,0.03472688675149723,0.9473858209987557,5.263157894736842,0.07269874341148291,0.9894779591684268,1.0526315789473684,0.9496396426869991,0.956850880587533,0.9494988802350118
MEAL3,95,1.1145987719056625e-8,0.9999998182158816,0,1.0062832837383253e-8,0.999999865450115,0,0.9934953629091876,0.9840289572360199,0.9937716704113936
MELK3,95,1.4300740558565514e-8,0.9999943260257143,0,1.0221729722657978e-8,0.9999965677553302,0,0.9984032361625195,0.9984754339075871,0.9984753704127033
MERC4,95,0.03511289119195548,0.9578960225684614,4.2105263157894735,2.8882533501583922,0.9605799196730186,0,0.9906252635301259,1.0221098971322362,1.0240633162117332
MGEL4,95,1.1579985587929832e-8,0.9999991844793904,0,1.004017198969134e-8,0.9999998611684006,0,0.9958928210960065,0.9962841175782181,0.9962811699051679
MGLU3,95,2.409557826240321,0.24699442370042457,74.73684210526315,9.940641814299285,0.7934715342727835,16.842105263157894,0.9430882084529499,0.8504638248050923,0.9522206436795928
MILS3,95,0.015085353602648491,0.925364195935689,0,0.049792155488017,0.9596185111890934,0,0.9760490227064242,0.9734855420187881,0.9741086934249087
MNDL3,95,0.0019269642868656512,0.9915097249186655,0,1.0222010017620807e-8,0.9999998778208853,0,0.9729128921475798,0.9559710518208995,0.9552680789075895
MNPR3,95,0.027929350739472992,0.9901697033907852,0,0.3577849770021345,0.9815221705990904,0,0.9812626508676678,0.9879122850854206,0.982769496416063
MOVI3,95,1.1642004192561275,0.4000221617275605,60,12.057381950110596,0.8526317394530167,14.736842105263156,0.8326399162105295,0.8544238364984872,0.7695394915930509
MRSA5B,95,9.907375245454817e-9,0.9999999981763159,0,9.944035421071426e-9,0.9999999998841138,0,0.9839812489874054,1.0116506307394364,1.0116506413170017
MRVE3,95,0.2567563967432055,0.8947363735208523,10.526315789473683,5.581941019989824,0.9341158528542923,4.2105263157894735,0.9833376350948334,0.9798258193764304,0.9069397836869594
MTRE3,95,0.028448586333849724,0.9894732770065641,1.0526315789473684,9.57760617111374e-9,0.9999999894187137,0,0.990213583711641,0.9885419777832561,0.9907206748630895
MTSA4,95,0.08046808340993376,0.41726324242829593,1.0526315789473684,6.805766508765412,0.3232876261668329,0,0.616485894677118,0.6339921945811053,0.6206696227701515
MULT3,95,0.005384933606416893,0.9751664439108656,0,0.293557674594365,0.8469154575327933,13.684210526315791,0.9328791352400635,0.9341340600865822,0.9380471173558748
MWET4,95,0.6957507274233652,0.8631578805714091,13.684210526315791,8.312968255133543e-9,0.9999999973200583,0,0.9812802516164687,0.9560739878898132,0.9808277291829068
MYPK3,95,0.03631199380317715,0.957894606265545,4.2105263157894735,9.78150388836677e-9,0.9999999252669812,0,0.9899121867851953,0.9837007904436547,0.990447799438402
NEOE3,95,0.007894591920105361,0.968437983980392,3.1578947368421053,1.0382583476719669e-8,0.9999993872425028,0,0.995917927545426,0.9970664229567532,0.9970262637916248
NEXP3,95,0.6756403116117126,0.4217331820684371,25.263157894736842,1.0250815894748726,0.8598084760904432,2.1052631578947367,0.9982502570514193,1.0663027336301178,1.10414981127721
NGRD3,95,3.667207048337874e-8,0.9999999138063271,0,1.0714642701681733e-8,0.9999999078838471,0,0.9721145880285362,0.9680487784836477,0.9680491429268877
NUTR3,95,1.1893867742296104e-8,0.9997785654096918,0,1.0030250274224228e-8,0.9997792058520356,0,0.9783038784780598,0.977997530937976,0.9779349639636067
ODPV3,95,0.011365828928980314,0.9744832014046637,0,0.07533177383013925,0.9273372411825747,1.0526315789473684,0.9443591204129534,0.9346839751660894,0.946625276657415
OFSA3,95,1.0890791724452282e-8,0.9999999266712599,0,9.608136378575547e-9,0.9999999639351272,0,0.9947004146431456,0.9940074570595027,0.9940076145070866
OIBR3,95,1.0281361526209054,0.7684210497798574,23.157894736842106,23.157887807922236,0.768421092655905,23.157894736842106,0.9581833293696712,0.9758450910887462,0.9355419781618137
OIBR4,95,1.2005800634368518,0.6210609714713332,37.89473684210527,16.88272602726287,0.6315914149239217,36.84210526315789,0.888238047021185,0.9343887406997985,0.9182881165169318
OPCT3,95,1.0979197038954906e-8,0.9999999773240198,0,9.904534549223044e-9,0.9999999907059306,0,0.984449917884865,0.9844500999202117,0.9844500984229712
ORVR3,95,0.013156215397251269,0.948123884171405,0,0.12234735480165962,0.8639458752380078,2.1052631578947367,0.9586055561015236,0.9555814639564809,0.9558414409200725
OSXB3,95,1.1355613827595215,0.48973204639560564,43.15789473684211,2.5514116031601617,0.6447685176008454,25.263157894736842,0.9831044626659754,0.9705037410573286,0.9660096777543531
PATI3,95,0.2802372427772208,0.6289484717380215,9.473684210526317,3.5020222506578085,0.6658434895252641,12.631578947368421,0.9168601844039608,0.935144058937352,0.9033306822412648
PATI4,95,2.833198791404473,0.086783669521806,90.9090909090909,6.485694205762057,0.8595027437537588,0,0.779662440803835,0.7565838973971265,0.7825131791914812
PCAR3,95,0.5342488722477627,0.9157894306076536,8.421052631578947,1.0411134451437791,0.989473679392009,1.0526315789473684,0.9910832350788465,0.7380704063796788,0.6694977165394048
PDGR3,95,0.12885014490416524,0.9789473642442198,2.1052631578947367,1.7308156430656732e-8,0.9999999990536711,0,0.9610495129408213,0.9981323553999487,0.996722911045723
PDTC3,95,1.2953487908948275e-8,0.9999987787380147,0,1.017540112287353e-8,0.9999997966086948,0,0.9973221412348048,0.9974647515327666,0.9974674854667003
PEAB3,95,1.0351325584194543e-8,0.9999999401477712,0,9.918329985894796e-9,0.99999999470588,0,0.9192443146325097,0.9157171966653366,0.9157171920285064
PEAB4,95,1.0090985189888782e-8,0.9999999940817531,0,9.89988293452707e-9,0.9999999963548696,0,0.9949140944595738,0.9850791688997641,0.9851144660759217
PETR3,95,0.583359347973496,0.32632663984939164,67.36842105263158,0.7218088622193849,0.958233806215159,4.2105263157894735,0.9334045498731549,0.8905347522818243,0.911149952428059
PETR4,95,0.8823514754001679,0.2526308900389108,74.73684210526315,1.0552679305828225,0.9473718296473315,5.263157894736842,0.9316372626186201,0.9606198181201413,0.8964503615538131
PFRM3,95,0.09314556519481378,0.742090774057499,21.052631578947366,0.1900864427898615,0.8498068760299865,13.684210526315791,0.7184011492316551,0.7609131916941121,0.7561391749665441
PGMN3,95,1.2233209755710614e-8,0.9999991463013561,0,9.847447711834072e-9,0.999999954795582,0,0.9967119850714912,0.9963203645527544,0.9963204787869154
PINE3,95,1.0020455699570842e-8,0.9999999797105321,0,9.996629696734621e-9,0.9999999913211276,0,0.9964433101596436,1.2488044451624807,1.2488286583823631
PINE4,95,0.557084960963089,0.0985161385976646,89.47368421052632,0.8104975296727704,0.761943845338785,23.157894736842106,0.9035158367535846,0.8208903895269839,0.8858934190643795
PLAS3,95,0.0635607412539984,0.05250104387993152,33.33333333333333,0.4182868839985553,0.7434653355447951,0,0.9177612688528592,0.8900932969719764,0.8856120820448399
PLPL3,95,0.013187691739209315,0.9894732348124705,1.0526315789473684,9.82873979529023e-9,0.9999998961717651,0,0.9957082477929029,0.9884645066676326,0.9957489958327506
PMAM3,95,0.11228853297736693,0.9578969489029615,4.2105263157894735,0.12474520116514007,0.9894773628097242,1.0526315789473684,0.9444004505290767,0.9435769445699451,0.9480916048726559
PNVL3,95,0.055714423633107586,0.7601534079037447,22.105263157894736,0.26897907173723296,0.8422887264477398,15.789473684210526,0.9655635307697568,0.9633204437218721,0.9361658005853855
POMO3,95,0.20330616354363282,0.6842095221910105,31.57894736842105,1.0471563080453594e-8,0.9999997534663911,0,0.7542149187365094,0.7274839455738863,0.7308825610660721
POMO4,95,0.007960006783542856,0.9894729849933523,1.0526315789473684,4.796720178619531e-6,0.9999998117336376,0,0.9829694380918551,0.9912747060694023,0.9832813112269737
POSI3,95,0.21124624571136552,0.91807906229838665,7.368421052631578,1.0791696084540956,0.9625337970044083,2.1052631578947367,0.975131378982385,0.9690017713216617,0.9579481087936781
PRIO3,95,0.02087371841857431,0.9789438949869533,2.1052631578947367,9.750588630860933e-9,0.9999998954062282,0,0.993346902076281,0.9937229969017034,0.9933488876946001
PRNR3,95,0.014142729269325928,0.9684180979335152,3.1578947368421053,1.2826397642650463e-8,0.9999968525831353,0,0.9962651952940026,0.996208512150518,0.9962658970940873
PSSA3,95,0.18754047248818356,0.7157978110171864,28.421052631578945,0.7318142840750683,0.9484599366717483,4.2105263157894735,0.9827194157011514,0.9320053321123312,0.9461544607007043
PTBL3,95,1.1114152660733101e-8,0.9999996916865409,0,1.012084634102103e-8,0.9999996013664304,0,0.9985148779926298,0.9986766322673825,0.9986759971601651
PTNT3,95,0.026174180694846724,0.9242110339201183,0,9.980631014922766,0.7799316601261873,0,0.8661563778799176,0.8601289792505977,0.8629311989682127
PTNT4,95,0.15895123224318625,0.9292054684003161,6.382978723404255,0.056902746487638454,0.9929049041008413,0,0.8386083935410252,0.8407282169597962,0.8414738947079607
QUAL3,95,0.1154730127819481,0.9789473141402727,2.1052631578947367,1.0185956585024231e-8,0.999999995833465,0,0.9864079321553533,0.9852691047492761,0.9863209181220169
RADL3,95,0.030609031978466095,0.9476377078570722,5.263157894736842,1.2695479723115458e-8,0.9999999957197581,0,0.9834488534773278,0.9898228537008412,0.9904149299903167
RAIL3,95,0.03201619051385674,0.9125340219698148,1.0526315789473684,0.05889584671251608,0.9823893213501625,0,0.9725871048054556,0.9572234628389644,0.9631975303403907
RANI3,95,1.667774754504495e-8,0.9999947906527381,0,9.927458650718709e-9,0.9999992921765986,0,0.9986000693830005,0.9986242754017886,0.9986242729089791
RAPT3,95,9.933836203445314e-4,0.9937314245689173,0,0.007085291779057987,0.9950727382629371,0,0.9868218050743789,0.986834019077683,0.9901097990522625
RAPT4,95,0.10167856503361407,0.8323157545362646,15.789473684210526,2.106296028205898,0.8651590239782578,12.631578947368421,0.9398936220984969,0.9689579630182686,0.9256600440799261
RCSL3,95,0.8877621426011248,0.8105262865878863,18.947368421052634,4.290675604248487,0.8323274308943656,11.578947368421053,0.9694941375516045,0.9696341634710764,0.944993603646661
RCSL4,95,0.7181676502634968,0.876019473892075,12.631578947368421,1.2721416460548005,0.9498729841127781,3.1578947368421053,0.7841581763868953,0.8289980878017302,0.8192597202582425
RDOR3,95,1.4000033162112554e-8,0.9999998247044994,0,1.002279762131015e-8,0.9999999917049415,0,0.982125313339723,0.9821251345222818,0.9821251441642697
REDE3,95,0.16010169687769907,0.6117834035434679,37.89473684210527,0.6319102560621377,0.9205577503515336,1.0526315789473684,0.9670597451017351,0.9483346203280026,0.9501448096155154
RENT3,95,0.7556844809850896,0.3498460747846806,64.21052631578948,14.331531393718906,0.38541518147944764,52.63157894736842,0.8725610301842615,0.9533304909469352,0.42947101971188145
RNEW3,95,0.3304721848173457,0.8000395656562868,20,0.4685046850830066,0.8001090004705693,20,0.9683646185348015,0.9948845333454837,0.9923753838822612
RNEW4,95,0.20498469040221096,0.8222245687873396,13.684210526315791,0.5073813362726707,0.8133671894384401,18.947368421052634,0.961187323516852,0.9736829315864741,0.9883306360228405
ROMI3,95,2.0026267806137557e-8,0.9999998923517919,0,1.0058179769946463e-8,0.9999999972283523,0,0.9859556803620808,0.9859557439318464,0.9859557478084809
RPAD3,95,8.286133924026947e-9,0.9999998759098686,0,2.459748793446993,0.8446270826595514,15.66265060240964,0.9620463959633656,0.9730971870682774,0.9888850630992715
RPAD6,95,9.977270312983489e-9,0.9999999719981877,0,1.0000131573971168e-8,0.9999999969307107,0,0.973727490612246,0.9718946451519058,0.9718946831858477
RPMG3,95,0.5388513022889704,0.5652079166113818,25.263157894736842,0.9694002297684993,0.7523063882387903,8.421052631578947,0.9008174510328903,0.9033597481956972,0.9044233491808809
RSID3,95,0.1257473224334976,0.9159025819408891,8.421052631578947,0.7735900811164411,0.9228429753923094,4.2105263157894735,0.9499878295193322,0.9492962865237151,0.9427629129164927
RSUL4,95,0.08486307569257981,0.947368329529423,5.263157894736842,3.157453728234842,0.9476442213411685,5.263157894736842,0.9652977143479873,0.9607121928365184,0.9417136414968352
SANB11,95,0.12862046206515942,0.5790689703572711,42.10526315789473,0.7297885582930291,0.8584598690357556,10.526315789473683,0.9853011132178534,0.961321496108549,0.9400955291570663
SANB3,95,0.015097411618672446,0.9477094185225247,5.263157894736842,1.0800655550190103e-8,0.9999984419193966,0,0.9931381829980463,0.9954265978164916,0.9931913705192646
SANB4,95,0.0324461006289831,0.8090811307344249,17.894736842105264,1.1299425322658456e-8,0.9999995128364871,0,0.9928135090798289,0.9932541089169058,0.9928543769343501
SAPR11,95,0.3895246521498009,0.20033591299230094,80,7.225083724198083,0.45528618364507756,41.05263157894737,0.7434433530446243,0.7178472682405429,0.4975187822967054
SAPR3,95,0.2602052390540427,0.35900491104798604,63.1578947368421,6.435044983553382,0.4632538436177574,38.94736842105263,0.8092501416131764,0.7113483170686876,0.5111264956831758
SAPR4,95,0.08248710158152409,0.7616993300218083,20,1.9649478819263921,0.9052933843725228,9.473684210526317,0.9688778551139527,0.9311080573293039,0.8890672827462835
SBFG3,95,0.1300326974967457,0.947368374627775,5.263157894736842,1.5166267392442932e-8,0.9999999981379353,0,0.9774114547049061,0.9590532922483322,0.9718097932715243
SBSP3,95,0.026762261558846718,0.957942413394011,4.2105263157894735,1.0482387091683548e-8,0.999999896758516,0,0.9867073514951772,0.9866736884045577,0.9867076431512243
SCAR3,95,0.421913303887476,0.8050253362930052,13.684210526315791,1.1897849986732907,0.8431642232158064,0,0.8820783114049923,0.8775391088254542,0.8728199273508761
SEER3,95,0.13403421387017483,0.9157894791015181,8.421052631578947,0.7840486209188888,0.9264374349799526,7.368421052631578,0.981625913361485,0.9855739507974267,0.9455956961183818
SEQL3,95,1.0465292371321653e-8,0.9999999850974329,0,1.0015938025480105e-8,0.9999999978881148,0,0.9974117199780007,0.9983013847294553,0.9983136820317879
SHOW3,95,0.03139851128894312,0.9894732211709142,1.0526315789473684,0.24625245777548135,0.9894734755226449,1.0526315789473684,0.9911400371834121,0.9898966673317087,0.984101363836567
SHUL4,95,1.501083615167523e-8,0.9999996950486872,0,9.827019965188326e-9,0.9999999770052129,0,0.9895700896528942,0.9895886293758054,0.9895886418339832
SIMH3,95,0.1269257097308558,0.9288837323641645,6.315789473684211,1.0819625266026842,0.9595201461646957,3.1578947368421053,0.9836449927493662,0.9688807315525871,0.979649981808391
SLCE3,95,0.12774677061508288,0.7274794567493862,26.31578947368421,1.6606282852912855e-8,0.9999999023086689,0,0.9785126767624436,0.9520325026427212,0.9785150913241668
SMTO3,95,0.019609233049017807,0.9578949567039209,4.2105263157894735,0.020069389716275022,0.990782608749302,0,0.9786274776224174,0.9720737100028014,0.978388870563182
SNSY5,95,9.89327060486655e-9,0.9999999898647554,0,1.0042213393781408e-8,0.9999999958534789,0,0.9953895788365329,0.9942846429359592,0.9940834928450873
SOND6,95,9.915907882943592e-9,0.9999999769897443,0,1.0051139158433038e-8,0.999999987869414,0,0.979854631455699,0.9803742554778595,0.9792279863004288
SUZB3,95,2.4069137205728043e-8,0.9999973628383051,0,1.01759828596592e-8,0.999999894042989,0,0.9975334735228217,0.9976456536053382,0.9976459485495708
SYNE3,95,1.0526834472534134e-8,0.999999951330177,0,1.0024856668804223e-8,0.9999999923144967,0,0.9933446596528013,0.9831810529982408,0.983153974094966
TAEE11,95,0.05150419973252377,0.5171927530525451,28.421052631578945,0.4265575213964675,0.8085010579047314,4.2105263157894735,0.8997675318782934,0.8884503040638894,0.8884804611821706
TAEE3,95,0.038044231419604745,0.5785316368019012,31.57894736842105,0.38779519759020986,0.8446126739281447,14.736842105263156,0.8832339088176702,0.904200909766014,0.8839538610320804
TAEE4,95,0.048438185884579855,0.5445188081579931,34.73684210526316,0.4148059617836232,0.8168153779582706,15.789473684210526,0.9018615753845705,0.8972229318185042,0.8806452602546577
TASA3,95,0.05254356257184916,0.7916550248561132,18.947368421052634,0.08203963294539707,0.8947367862165143,10.526315789473683,0.9262634045086723,0.9461644713454709,0.9461460338242386
TASA4,95,0.38937060686789793,0.5157990068442294,48.421052631578945,4.805319547690699,0.726334368255636,27.368421052631582,0.9064065438980254,0.9457714069575449,0.8537301597663893
TCSA3,95,1.502031536029387e-8,0.9999998936727099,0,1.1275019959745219e-8,0.9999997760808046,0,0.9882131438861237,0.9886365157241347,0.9886412030370539
TECN3,95,0.5308237696410992,0.6371983846594386,17.894736842105264,1.504159836869227,0.7019530248295518,20,0.9284677122001737,0.9456295314891123,0.9382740649533473
TELB3,95,0.6859733304969615,0.80000011156353,20,2.9692881875203283,0.894736926888542,10.526315789473683,0.9943222747307922,1.0109906646972875,1.0130443787158816
TELB4,95,0.5940674483822159,0.7895420792579453,21.052631578947366,0.18973778936295038,0.9587984191234457,3.1578947368421053,0.9927996056524275,1.0176898213606198,1.0456588170641294
TEND3,95,1.4530327867678469e-8,0.9999999773864915,0,1.009596500919509e-8,0.9999999982681312,0,0.9758146272514769,0.9758171741593856,0.9758169499213759
TFCO4,95,0.0808497851886307,0.9135290790357118,2.1052631578947367,0.6425271748049989,0.9506590337269356,2.1052631578947367,0.9859628060800344,0.9879246215293478,0.9515211589173479
TGMA3,95,0.016652487824170097,0.9583159542181684,4.2105263157894735,9.104561637621576e-9,0.9999999541254436,0,0.9903392470170322,0.990632286770341,0.9905031719185344
TIMS3,95,0.0021439060696449752,0.9898513480158403,1.0526315789473684,1.0210943125613146e-8,0.9999999919589475,0,0.9802149641120019,0.9884596666477377,0.9799359571379576
TKNO4,95,1.4928270075425035e-8,0.9999998551379675,0,1.014206532551982e-8,0.9999999966292586,0,0.9826649205957405,0.9914309116081483,0.9914308360575831
TOTS3,95,0.07041009882359768,0.8947438643128226,10.526315789473683,0.15433604877575555,0.9894747321330405,1.0526315789473684,0.9843058121554407,0.9493344080535622,0.98161845540089665
TPIS3,95,0.7696972768764223,0.7789474914389549,22.105263157894736,1.7849661626777849,0.7684210389509291,23.157894736842106,0.9799400387260612,0.9802179843768408,0.9262056586928613
TRIS3,95,0.04554795050405495,0.9686520297149103,3.1578947368421053,2.3459507177566348,0.9684210501837105,3.1578947368421053,0.9630795434283104,0.9701680582221573,0.9462136621082616
TUPY3,95,0.15904462480227796,0.5864049498051276,40,2.2774628581208343,0.7592324917547113,24.210526315789473,0.8198511986091862,0.8557006286402766,0.8407536364175483
UCAS3,95,0.11629549177238044,0.5109982769417528,1.0526315789473684,1.0741754563584922,0.5776968717378501,1.0526315789473684,0.9147935678138918,0.9436053621570588,0.8946994754675759
UGPA3,95,0.17137812317838644,0.7052655189498964,29.47368421052631,1.1584329036185155,0.9271011156550313,6.315789473684211,0.9160226648115845,0.919900224026604,0.9141721520530125
UNIP3,95,0.039153190872631756,0.7579224041412109,24.210526315789473,0.01713697654129209,0.9789462984453302,2.1052631578947367,0.9951875496436795,0.9947837036663084,0.9944581616171017
UNIP5,95,0.07773384247829906,0.7839418265744181,13.684210526315791,0.29897396155607775,0.8101351210432429,17.894736842105264,0.9625923372633035,0.9636135105523926,0.9452088655484184
UNIP6,95,0.13693303991844363,0.7368418123884488,26.31578947368421,1.2159218732288954,0.9368420835932054,6.315789473684211,0.978661789975775,0.8684736673210204,0.9243747672448733
USIM3,95,0.03874307775422149,0.9194317527350008,5.263157894736842,9.036759601195949e-9,0.9999999952301175,0,0.985776602981468,0.9845656732395751,0.985734248163658
USIM5,95,0.052030546541434936,0.9578957048201161,4.2105263157894735,1.1057032146623877,0.9789473668537421,2.1052631578947367,0.9902953328790035,0.9912550210326019,0.9846986950898622
USIM6,95,0.46637311278171256,0.7187499325029432,28.125,3.4973646132003573,0.7923819063671901,0,0.9887088919518956,0.9796399004686006,0.9834808651878751
VALE3,95,0.13585825187096898,0.7368757032127243,26.31578947368421,0.2150998694476879,0.941919993220342,0,0.9730047945840973,0.9348749774562725,0.9778319307187239
VAMO3,95,0.08870427097003819,0.9497542786756658,4.2105263157894735,9.463732688962192e-9,0.9999999473838039,0,0.9956383255614549,0.9928292597469739,0.9962083194074561
VBBR3,95,0.23901620683765912,0.5480485887370624,44.21052631578947,3.5933977662713312,0.8000023253853789,20,0.8408822309377258,0.8829267572803385,0.7837863130642384
VIVA3,95,1.7719632059506713e-8,0.9999983835206987,0,9.960479461620906e-9,0.9999998135914335,0,0.9882829513481529,0.9885258791040917,0.98856695178524
VIVR3,95,1.3564877603647283,0.9368413273623722,6.315789473684211,4.6705530014756,0.9473683531667391,5.263157894736842,0.9860634858764276,0.9727736417463396,0.9403569807631479
VIVT3,95,0.007278558342834036,0.9791589594582658,2.1052631578947367,0.13902685583995372,0.9897941640365623,1.0526315789473684,0.9847709032903034,0.9923321441444184,0.9826284561172792
VLID3,95,0.048437164833733864,0.8420664615203117,15.789473684210526,1.1884671898526182e-8,0.9999981724955309,0,0.9976107178509304,0.99714902442984,0.9976165787198916
VSTE3,95,0.2692899364086561,0.75789453052256,24.210526315789473,8.913503165459381e-9,0.9999998986666194,0,0.9666294161234557,0.9178669797669279,0.9653424894860216
VULC3,95,0.015115312772496056,0.9789470317215312,2.1052631578947367,0.02340470518525486,0.9912883306693362,0,0.990463994784676,0.9797358721056689,0.9883578514895264
WEGE3,95,0.6605497221688333,0.22120618143337922,77.89473684210526,7.022899062065282,0.5642785625802942,36.84210526315789,0.8941663288854169,0.9183469557173859,0.7631207751981204
WEST3,95,0.08649100645470567,0.9579093237580151,4.2105263157894735,1.029918961782405e-8,0.9999999964949753,0,0.9624974267782933,0.9620458942914855,0.9628393681844177
WHRL3,95,8.18826885968247e-9,0.9999999172395139,0,1.0470454898937255e-8,0.9999999695495465,0,0.995433749720036,0.9962736299658496,0.9962803768159775
WHRL4,95,0.08457129082630453,0.6027630194681073,32.631578947368425,0.7215590312861406,0.7812013100468379,12.631578947368421,0.9530071928792119,0.9719687880105986,0.9030989937337313
WIZC3,95,0.003262181913667892,0.989489178164595,1.0526315789473684,1.0952267869884976e-8,0.9999994983104166,0,0.9957364313267123,0.9956772904696212,0.9957401082309857
WLMM4,95,9.977487933910382e-9,0.9999991032869181,0,9.820990212482e-9,0.999999899191145,0,0.9964695096863961,0.99658358278288,0.9965835940347785
YDUQ3,95,1.4624817962325096,0.2947368136407125,70.52631578947368,17.287393579002906,0.7473683781453897,25.263157894736842,0.9222869325758632,0.8801364786147481,0.7715300861644162
